"OBJNR","TPLNR","Java RegExp","priority","Status - Ready?","Retried"
"826339d0-e8b9-4967-b204-4609b1b479d3","D015-NNN\sH\sNNNNN\sK","^D015-[0-9]{3}\sH\s[0-9]{5}\sK$","5","Yes","No"
"80c3a04f-049d-4d7b-9c7e-5f5f2474950a","D015-NNN\s(G|H|X)\sNNNNN\sTR","^D015-[0-9]{3}\s(H|X|G)\s[0-9]{5}\sTR$","5","Yes","No"
"38931a21-2bdc-440b-993a-cc43fa155b85","AAAA-AA[AAAA] MS AA[A]-A[AAAA]","^[a-zA-Z]{1}[0-9]{3}-[a-zA-Z,0-9]{2,6}\s[a-zA-Z]{2}\s[a-zA-Z,0-9]{2,3}-[a-zA-Z,0-9]{1,5}$","10","Yes","No"
"9aec89a0-7211-41f0-9283-b74910ca019a","D014-(OES|BOE|SOE|PIP)-(NNNN|AAA\sOUT\s[0-9]{3,4})","^D014-(OES|BOE|SOE|PIP)-([0-9]{4}|[a-zA-Z,0-9]{3}\sOUT\s[0-9]{3,4})$","10","Yes","No"
"b2da8abc-3d8c-4b2f-ac85-b62053e899a4","D015-NNN-(EEE|RFE|RHE|A[AA]K)-NNNNN[-A]","^D015-[a-zA-Z,0-9]{3}-(EEE|RFE|RHE|RWK|RPK|UPK|[a-zA-Z]{1,3}K)-[0-9]{5}(?:-[a-zA-Z]{1})?$","10","Yes","No"
"e59f2294-4a38-4ad9-997b-b623fe81a5f4","AAAA-AA[AAAA] FC AAAAA[AA]ANN","^[a-zA-Z]{1}[0-9]{3}-[a-zA-Z,0-9]{2,6}\s[a-zA-Z]{2}\s[a-zA-Z,0-9]{6,8}[0-9]{2}$","11","Yes","No"
"941abced-72fe-4cf7-b9aa-8145fb876b2d","AAAA-N[NN]-XSA[AAA]-NNNNN","^[a-zA-Z]{1}[0-9]{3}-[0-9]{1,3}-XS[a-zA-Z,0-9]{1,4}-[0-9]{5}$","11","Yes","No"
"18559939-eaca-4e32-9238-c5f8ea7b583f","D014-BIE NNNAANN","^[a-zA-Z]{1}[0-9]{3}-BIE\s[0-9]{3}[a-zA-Z,0-9]{2}[0-9]{2}$","11","Yes","No"
"865b8688-9077-4ab2-8de9-6286beab4277","D014-AA[A] AA AAA AAAAAAA NN[ NN]","^D014-[a-zA-Z,0-9]{2,3}\s[a-zA-Z]{2}\s[a-zA-Z]{3}\s[a-zA-Z,0-9]{7}\s[0-9]{2}(?:\s[0-9]{1,2})?$","11","Yes","No"
"0f016772-1e02-423a-82d6-a57176071be3","D014-NNN\sA\sNNNN\sA[AA]\sANT","^D014-[0-9]{3}\s[a-zA-Z]{1}\s[0-9]{4}\s[a-zA-Z,0-9]{1,3}\sANT$","11","Yes","No"
"c9bb4e93-f72d-4750-8243-c6c1a27461b7","D014-AA[A] MS MS-NN","^D014-[a-zA-Z,0-9]{2,3}\s[a-zA-Z]{2}\s[a-zA-Z]{2}-[0-9]{2}$","11","Yes","No"
"db235ad3-cb60-41aa-82c8-104ea8b31959","D014-AA[A] AA AAA-NN","^D014-[a-zA-Z,0-9]{2,3}\s[a-zA-Z]{2}\s[a-zA-Z]{3}-[0-9]{2}$","11","Yes","No"
"e03f2467-ed5b-4f6a-9213-e121ddce2986","D014-AA[A] NNN (TR|FC|HS) NN","^D014-[a-zA-Z,0-9]{2,3}\s[0-9]{3}\s(TR|FC|HS)\s[0-9]{2}$","11","Yes","No"
"69ab8ab7-475d-4234-b839-5c27e03f7ff3","D014-RAD NNNNN","^D014-RAD\s[0-9]{5}$","11","Yes","No"
"951f29a9-5288-433d-918d-02d6c7eb2b91","D014-RAD SHELL NNNN","^D014-RAD\sSHELL\s[0-9]{4}$","11","Yes","No"
"73904f6a-a140-48d8-a915-cf710c385d14","D014-KFZ AAAAA[AAAAAA]{with dash}","^D014-KFZ\s[a-zA-Z,0-9,\-]{5,11}$","11","Yes","No"
"bc3b7418-5982-4215-b42e-28d70193d3d4","D014-AAA AFH NNNNN","^D014-[a-zA-Z,0-9]{3}\sAFH\s[0-9]{5}$","11","Yes","No"
"d5f2816f-eba5-46ec-94b1-5bad5a84b8a8","D015-AAAAAA{with dash} MS AA-N[NN]","^D015-[a-zA-Z,0-9,\-]{6}\s[a-zA-Z]{2}\s[a-zA-Z,0-9]{2}-[0-9]{1,3}$","11","Yes","No"
"b9d4ee92-5966-45b5-b215-97c962a873bb","D015-AAAAAAA AA AAA-AA[AAA][ AAA| AAAA]","^D015-[a-zA-Z,0-9]{7}\s[a-zA-Z]{2}\s[a-zA-Z]{3}-[a-zA-Z,0-9]{2,5}(?:\s[a-zA-Z,0-9]{3,4})?$","11","Yes","No"
"d078fdeb-1f43-403e-aec9-10196786db4d","D015-NNN A NNNN*PRX","^D015-[0-9]{3}\s[a-zA-Z]{1}\s[0-9]{4}.*PRX[0-9]{0,1}$","11","Yes","No"
"e297b24c-e32d-49a5-89fb-6e481d24b7ef","D015-NNN-NN (MS|NS) (MS|[a-zA-Z,0-9]{2,4})","^D015-[0-9]{3}-[0-9]{2}\s(NV|HS)\s[a-zA-Z,0-9]{3,4}$","11","Yes","No"
"c4442356-3415-4f7f-880a-858c02e4d0be","D015-NNNNNN{with dash} TRAFO NNNN","^D015-[0-9,-]{6}\s(TRAFO|TRANSFORMER)\s[0-9]{4}$","11","Yes","No"
"9aca9393-930f-4efa-bcb8-f045095f491c","D015-NNN-RAD-NNNNN","^D015-[0-9]{3}-RAD-[0-9]{5}$","11","Yes","No"
"d90f3cab-9caf-45f4-98c8-1e25bc675043","D015-NNN AFH NNNNN","^D015-[0-9]{3}\sAFH\s[0-9]{5}$","11","Yes","No"
"65368e93-d986-440a-b382-d5ceaf7b0a1d","D015-NNN-(DA|UB)-NNNNN","^D015-[0-9]{3}-(DA|UB)-[0-9]{5}$","11","Yes","No"
"58f53500-53e3-4349-8c91-482839aff27b","D015-NNN-UP-NNNNN[-A]","^D015-[0-9]{3}-UP-[0-9]{5}(?:-[a-zA-Z,0-9]{1})?$","12","Yes","No"
"285be8ac-d244-47ad-9c7b-7333fd45fc67","D014-P-NNNNN[-NN]","^D014-P-[0-9]{5}(?:-[0-9]{2})?$","13","Yes","No"
"edd85778-7387-4fdc-a34c-42f524ac0bcc","D015-NNN-E-NNNNN[-A]","^D015-[0-9]{3}-E-[0-9]{5}(?:-[a-zA-Z]{1})?$","13","Yes","No"
"3ac84557-f0b4-44af-824f-daacb6bf90ae","D015-NNN-AA-N[NNNN][-AA]","^D015-[0-9]{3}-[a-zA-Z,0-9]{2}-[0-9]{1,5}(?:-[a-zA-Z,0-9]{2})?$","13","Yes","No"
"90df1339-d474-4d6b-8f9b-3fb6137e3013","D015-NNN-HST-NNNNN","^D015-[0-9]{3}-HST-[0-9]{5}$","13","Yes","No"
"a2481e1a-12a4-4746-822f-85a5b9e038d6","D014-NNN\sA\sNNNN[\sNN]\sTSO","^D014-[0-9]{3}\s[a-zA-Z]{1}\s[0-9]{4}\s(?:[0-9]{2}\s)?TSO$","14","Yes","No"
"7db40709-2ad3-4126-99b0-3ee905365808","D015-NNN\sA\sNNNNN[\sA]\sCV","^D015-[0-9]{3}\s[a-zA-Z]{1}\s[0-9]{5}(?:\s[a-zA-Z]{1})?\sCV$","14","Yes","No"
"8c3a9e5c-c72b-40de-bfc4-071a866ba999","D015-NNN-AA-NNNNN[-A]","^D015-[0-9]{3}-[a-zA-Z,0-9]{2}-[0-9]{5}(?:-[a-zA-Z,0-9]{1})?$","14","Yes","No"
"e7032a79-f7dd-4441-9f4a-52849aa278a4","D014-PIP-NNN AA[-]{0,1}N[NNNN][-NN]","^D014-PIP-[0-9]{3}\s[a-zA-Z,0-9]{2}[-]{0,1}[0-9]{1,5}(?:-[0-9]{2})?$","15","Yes","No"
"85b9617f-391a-410d-a72d-558a594e34b5","D015-AAAAAA BNN AAA[A]","^D015-[a-zA-Z,0-9,-]{6}\sB[0-9]{2}\s[a-zA-Z,0-9]{3,4}$","15","Yes","No"
"3f0626dd-f8a3-4a4a-a125-57f823a1c78c","D015-AAAAAA AA AAA A[A]A[A] NN[NN]","^D015-[a-zA-Z,0-9]{6}\s[a-zA-Z]{2}\s[a-zA-Z]{3}\s[a-zA-Z,0-9]{2,4}\s[0-9]{2,4}$","15","Yes","No"
"d01ed73b-2d31-4b27-ade2-4d1047723c6a","D015-NNN-AA[AAAA]-NNNNN[-A]","^D015-[0-9]{3}-[a-zA-Z,0-9]{2,6}-[0-9]{5}(?:-[a-zA-Z,0-9]{1})?$","15","Yes","No"
"c4e4b0c8-c867-4966-8314-3c43216c0ff8","D015-NNN-AA[AA]-NNNNN[-A]","^D015-[0-9]{3}-[a-zA-Z,0-9]{2}(?:[a-zA-Z,0-9]{2})?-[0-9]{5}(?:-[a-zA-Z,0-9]{1})?$","16","Yes","No"
"4b985741-aed4-45d2-8876-92845d053eb1","D015-NNN-[A]A[AA]-NNNNN[-A]","^D015-[0-9]{3}-[a-zA-Z,0-9]{1,4}-[0-9]{5}(?:-[a-zA-Z,0-9]{1})?$","17","Yes","No"
"f4191890-0693-4e52-bc31-883b03d825e1","AAAA-N[NN]-AA-NNNNN","^[a-zA-Z]{1}[0-9]{3}-[0-9]{1,3}-[a-zA-Z,0-9]{2}-[0-9]{5}$","18","Yes","No"
"affea091-a0be-4b09-9612-bb092f0996bd","D014-AA[A] BNN","^[a-zA-Z]{1}[0-9]{3}-[a-zA-Z,0-9]{2}(?:[a-zA-Z,0-9]{1})?\sB[0-9]{2}$","18","Yes","No"
"214b84fb-1431-464c-a49b-077d43473472","AAAA-AAA-NNNN","^[a-zA-Z]{1}[0-9]{3}-[a-zA-Z,0-9]{3}-[0-9]{4}$","19","Yes","No"
"0dd7d2aa-a54b-402e-9b34-7a2023f37b27","D014-AA[A] AAA AAAAAAA NN NN","^D014-[a-zA-Z,0-9]{2,3}\s[a-zA-Z,0-9]{3}\s[a-zA-Z,0-9]{7}\s[0-9]{2}\s[0-9]{2}$","19","Yes","No"
"54b9f1cc-932b-421e-8b18-5a7efb75ea45","D014-N[NN] AA N[NNNN][ A]","^D014-[0-9]{1,3}\s[a-zA-Z,0-9]{2}\s[0-9]{1,5}(?:\s[a-zA-Z,0-9]{1})?$","19","Yes","No"
"9da32a1e-3f80-4dc0-871d-96d3026a24a8","D015-NNN-AA-NNNNN[N][-A]","^D015-[0-9]{3}-[a-zA-Z,0-9]{2}-[0-9]{5}(?:[0-9]{1})?(?:-[a-zA-Z,0-9]{1})?$","19","Yes","No"
"98bbf04a-dd52-454a-a0ee-899072c6d4b3","AAAA-AA[AAAA] AAA A[* max 10]","^[a-zA-Z]{1}[0-9]{3}-[a-zA-Z,0-9]{2,6}\s[a-zA-Z,0-9]{3}\s[a-zA-Z,0-9]{1,10}$","20","Yes","No"
"38678807-2bdb-4430-b8ae-b0f8609994f6","AAAA-AAA-NNNN-NNNN","^[a-zA-Z]{1}[0-9]{3}-[a-zA-Z,0-9]{3}-[0-9]{4}-[0-9]{4}$","20","Yes","No"
"8046ea2b-c61b-4a33-b2b7-483488d49e07","AAAA-AAA-NNNN-N","^[a-zA-Z]{1}[0-9]{3}-[a-zA-Z,0-9]{3}-[0-9]{4}-[0-9]{1}$","20","Yes","No"
"58e24b3c-1fa4-4d06-ab47-a935507cb745","D014-AAA-NNNNN","^D014-[a-zA-Z,0-9]{3}-[0-9]{5}$","20","Yes","No"
"c762a439-d3ca-4d6c-bcc4-bbfad29eac9e","D014-AAA A[AAAA] NNNN[ NN] AA[AAA]","^D014-[0-9]{3}\s[a-zA-Z,0-9]{1,5}\s[0-9]{4}(?:\s[0-9]{1,2})?[a-zA-Z,0-9]{2,5}$","20","Yes","No"
"f845e038-8e77-40c6-9056-90664357e19a","D014-AAA NN NNNNN","^D014-[a-zA-Z,0-9]{3}\s[0-9]{2}\s[0-9]{5}$","20","Yes","No"
"8ef5a370-6368-46af-96f6-d42828a70cb9","D014-AAA-AANNNNN","^D014-[a-zA-Z,0-9]{3}-[a-zA-Z,0-9]{2}[0-9]{5}$","20","Yes","No"
"0f6d5106-144a-486a-aeaa-ec40f5851072","D014-S-NNNNN","^D014-S-[0-9]{5}(?:\s[a-zA-Z,0-9]{1,2})?$","20","Yes","No"
"585dfb69-221e-457b-addd-2421c24d2b56","D014-E-NNNNN","^D014-E-[0-9]{5}(?:\s[a-zA-Z,0-9]{1})?$","20","Yes","No"
"b6583a3f-b184-452a-9ed7-5dd8671c1d3d","D015-NNN-AAA-NNNNN NN","^D015-[0-9]{3}-[a-zA-Z,0-9]{3}-[0-9]{5}\s[0-9]{2}$","20","Yes","No"
"e4794e5f-2261-46d5-a55b-630b7c8ed633","D015-NNN-AAAAA","^D015-[0-9]{3}-[a-zA-Z,0-9,-]{5,11}$","20","Yes","No"
"b787e81b-b3a2-4a17-8fd0-84c71677f6c1","D015-BBB A NNNNN","^D015-[0-9]{3}\s[a-zA-Z,0-9]{1,5}\s[0-9]{5}(?:\s[0-9]{1,2})?\s[a-zA-Z,0-9]{2,5}$","20","Yes","No"
"8ef5a370-6368-46af-96f6-d42828a70cb9","D015-AAA-AANNNNN","^D015-[a-zA-Z,0-9]{3}-[a-zA-Z,0-9]{2}[0-9]{5}$","20","Yes","No"
"8ef5a370-6368-46af-96f6-d42828a70cb9","D015-AAA-AANNNNN","^D015-[a-zA-Z,0-9]{3}-[a-zA-Z,0-9]{2}[0-9]{5}$","20","Yes","No"
"e9234860-9211-4967-ba28-9774106d94fd","D014-A[AA]-NNNNN[ A]","^D014-[a-zA-Z,0-9]{1,3}-[0-9]{5}(?:\s[a-zA-Z,0-9]{1})?$","21","Yes","No"
"e0d1385b-c28e-434f-83b1-3e6170233be9","D014-A[AA]-NNNNN[ A]","^D014-[a-zA-Z,0-9]{1,3}-[0-9]{5}(?:\s[a-zA-Z,0-9]{1})?$","22","Yes","No"
"768839ee-3f48-4680-8c23-806158f76e47","D014-A[AA]E-A","^D014-[a-zA-Z,0-9]{1,3}E-[a-zA-Z,0-9,\s]{2,20}$","23","Yes","No"
"4d106cd1-8a55-45d0-b013-862064396c05","D014-E-NNNNN[ A]","^D014-E-[0-9]{5}(?:\s[a-zA-Z,0-9]{1})?$","35","Yes","No"
"a04769b5-f22d-4877-a6b5-2aba85202f9b","D015-NNN-(UW|HW|DW|RW|WTBUEN|WTBUEN-RB|RB)-NNNNN[-A]","^D015-NNN-(UW|HW|DW|RW|WTBUEN|WTBUEN-RB|RB)-[0-9]{5}(?:-[a-zA-Z,0-9]{1})?$","35","Yes","No"
"0b6829b3-e4f3-47a0-b96b-6ff2c8751041","D015-NNN-(FLM|SBS|FLW|WP)-NNNNN","^D015-[0-9]{3}-(FLM|SBS|FLW|WP)-[0-9]{5}$","35","Yes","No"
"541a1d9b-2d81-4df7-bea9-7ba4acfad7d0","D014-(E|EH)-NNNNN[ A]","^D014-(E|EH)-[0-9]{5}$","36","Yes","No"
"f1d34657-c6fa-4a4b-8bf7-025cde369779","D015-NNN-RWE-NNNNN","^D015-[0-9]{3}-RWE-[0-9]{5}$","36","Yes","No"
"e5440d17-2a69-45de-af05-adbef1443ef0","D015-NNN H NNNNN","^D015-[0-9]{3}\sH\s[0-9]{5}$","36","Yes","No"
"5472b4f3-a031-4ff0-8d03-a34d05819621","D014-(PE|EHE)-NNNNN","^D014-(PE|EHE)-[0-9]{5}$","37","Yes","No"
"cd53253d-5163-495e-9769-84658c0f3226","D014-MESSW.*","^D014-MESSW.*$","37","Yes","No"
"543e8523-cb08-4868-bc39-48a202dac696","D014-(X|HBR | FLB|PON)-NNNNN","^D014-(X|HBR|FLB|PON)-[0-9]{5}$","37","Yes","No"
"95dedfa3-0c16-4bec-8079-8a30f6de681e","D014-VAWS-[LAU|HBV]-NNNNN[-NNNN]-AN[N]","^D014-VAWS-(LAU|HBV)-N[0-9]{4}(?:-[0-9]{4})?-[a-zA-Z]{1}[0-9]{1,2}$","37","Yes","No"
"6019af9d-f0f3-40ad-be15-e1d72526312d","D014-EXP-NNNNN","^D014-EXP-[0-9]{5}$","37","Yes","No"
"86655681-556a-4440-b3ce-797dc64cf77c","AAAA-AAA[-|\s]ISO[-|\s]NNNNN","^[a-zA-Z]{1}[0-9]{3}(-|\s)[0-9]{3}(-|\s)ISO(-|\s)[0-9]{5}$","37","Yes","No"
"54645d70-9f0c-4631-822f-f9897bbc1c03","D015-NNN-[AA]M-NNNNN[N]","^D015-[0-9]{3}-[a-zA-Z]{0,2}M-[0-9]{5,6}$","37","Yes","No"
"7b293321-4ffc-4864-b2b9-1779b1cdecca","D015-NNN-MOVM-NNNNN[N]","^D015-[0-9]{3}-MOVM-[0-9]{5,6}$","37","Yes","No"
"4cc6c2ab-8779-4fb0-baaf-57c3183b2715","D015-NNN-UL DAL OSP F","^D015-[0-9]{3}-(UL|DAL|OSP|FLT|BRU|CD|RX|UX|HX|GLEIS)(-|\s)([0-9]{5}|[0-9]{2})$","37","Yes","No"
"61d66e16-1732-4f97-9ae8-bf101d0e0b17","D015-NNN-LOK-NNNNN","^D015-[0-9]{3}-LOK-[0-9]{5}$","37","Yes","No"
"15e657d8-8722-45fa-a1da-375b9ff33c42","D015-NNN-EXP-NNNNN","^D015-[0-9]{3}-EXP-[0-9]{5}$","37","Yes","No"
"3ce5fe39-0b1f-4a7e-84de-0f071e860254","D015-NNN-(HZE|[A]LANN[N])-NNNNN[-N]","^D015-[0-9]{3}-(HZE|[a-zA-Z,0-9]{1}LA[0-9]{2,3})-[0-9]{5}(?:-[0-9]{1})?$","37","Yes","No"
"22fd5083-abcc-4a15-990d-321050752970","D015-NNN-(NRV|VLV)-NNNNN","^D015-[0-9]{3}-(NRV|VLV)-[0-9]{5}$","37","Yes","No"
"b1f64f53-2414-4250-b7d8-98a27b05fdbb",,"^D014-(PK|TMK|EHK|KK|PK|MK|MOVK|KK)-[0-9]{5}(?:\s[a-zA-Z]{1})?$","38","Yes","No"
"95d0e1ac-e3fb-4c70-9ac0-c8ce5af42cc8",,"^D014-.*\sDIK\s.*$","38","Yes","No"
"2a68b0dc-8a43-4c18-9ee4-67c6bdba3a07",,"^D014-[0-9]{3}\sMOVK\s[0-9]{4}(?:-[0-9]{1})?$","38","Yes","No"
"8e62dae0-db52-43e4-a73f-7fa100913b77",,"^D014-IHK-[a-zA-Z,0-9,\s,-]{5,12}$","38","Yes","No"
"4d38a849-0215-4114-b0d7-d6119ce8c882","D014-NNN MOVM(\s|-)NNNN","^D014-[0-9]{3}\sMOVM(\s|-)[0-9]{4}(?:\s[a-zA-Z]{1})?(?:\s[a-zA-Z]{1}[0-9]{1})?(?:-[a-zA-Z]{1})?$","38","Yes","No"
"be0e49d6-3cf6-4abf-bcee-179c0fdae1bd","D014-[AA]M NNNNN","^D014-[a-zA-Z]{0,2}M\s[0-9]{5}$","38","Yes","No"
"51530b14-929d-4572-aba7-d8da3f5de342","D014-NNN A NNNN[ A]","^D014-[0-9]{3}\s[a-zA-Z]{1}\s[0-9]{4}(?:\s[a-zA-Z]{1})?$","38","Yes","No"
"9f055c23-da72-4028-825c-8f160db48225","D014-N[NN] AA N[NNNN][ A]","^D014-[0-9]{1,3}\s[a-zA-Z,0-9]{2}\s[0-9]{1,5}(?:\s[a-zA-Z,0-9]{1})?$","38","Yes","No"
"4ddc2f4b-2fb6-4a02-89fa-a6464f40e175","D014-[AAA ]MOV(\s|-)NNNN[N][ A][ AN][-S]","^D014-(?:[a-zA-Z,0-9]{3}\s)?MOV(\s|-)[0-9]{4,5}(?:\s[a-zA-Z]{1})?(?:\s[a-zA-Z]{1}[0-9]{1})?(?:-[a-zA-Z]{1})?$","38","Yes","No"
"e17589d7-8e7f-4d26-8c1f-f722c0913570","D015-NNN-AAA-NNNNN","^D015-[0-9]{3}-[a-zA-Z]{3}-[0-9]{5}$","38","Yes","No"
"193fbeb9-42dc-429f-bfe0-9221aa9d95ff","D015-NNN-UP-NNNNN[-A]","^D015-[0-9]{3}-UP-[0-9]{5}(?:-[a-zA-Z,0-9]{1})?$","38","Yes","No"
"47e594a2-5326-4b4f-af8a-5cc1004f54ef","D015-NNN-(TA|UB)-NNNNN","^D015-[0-9]{3}-(TA|UB)-[0-9]{5}$","38","Yes","No"
"e069830c-4356-43ba-8604-775bf0df33ce","D015-NNN-(CT|UA|RA|UV)-NNNNN[-AN]","^D015-[0-9]{3}-(CT|UA|RA|UV)-[0-9]{5}(?:-[a-zA-Z,0-9]{1,2})?$","38","Yes","No"
"682f0f01-88c4-47cc-a233-3fb3980a4d06","AAAA-AA[AAAA] MS(\s|-)AAA","^[a-zA-Z]{1}[0-9]{3}-[a-zA-Z,0-9,-]{2,6}\sMS(\s|-)[a-zA-Z,0-9]{3}$","39","Yes","No"
"4d4f38df-abba-4697-bcee-68eee2efb8dd","D014-AAA A[AAAA] NNNN[ NN]","^D014-[a-zA-Z,0-9]{3}\s[a-zA-Z,0-9]{1}(?:[a-zA-Z,0-9]{1,4})?\s[0-9]{4}(?:\s[0-9]{1,2})?$","39","Yes","No"
"0ecff2d8-1708-4c41-a65f-b65fa8bf231f","D014-A SIMATIC AA NNN[ A]","^D014-[a-zA-Z]{1}\sSIMATIC\s[a-zA-Z]{2}\s[0-9]{3}(?:\s[a-zA-Z]{1})?$","39","Yes","No"
"da2bf1fc-f887-4418-8efd-40f45b326ab7","D014-HZ-NNNNN","^D014-HZ-[0-9]{5}$","39","Yes","No"
"e2c9c4d2-5c57-4d7d-bd53-7cea45983c97","AAAA-AAA-AAA[A]-NNNNN","^D015-[a-zA-Z,0-9]{2,3}-[a-zA-Z]{3,4}-[0-9]{5}$","39","Yes","No"
"40e6c9ba-d0b6-4ee4-8d99-1941db6305dd","D015-NNN A[AAAA] NNNNN[ NN]","^D015-[0-9]{3}\s[a-zA-Z,0-9]{1,5}\s[0-9]{5}(?:\s[0-9]{1,2})?$","39","Yes","No"
"4ce830e2-145d-4bd7-ad3c-c7f5f4ed75c8","D015-NNN-AA-NNNNN[-A]","^D015-[0-9]{3}-[a-zA-Z,0-9]{2}-[0-9]{5}(?:-[a-zA-Z,0-9]{1})?$","39","Yes","No"
"0b9d98c3-0db8-4ec3-a5ff-b8cb58077412","AAAA-AA[AAAA] AA AAA","^[a-zA-Z]{1}[0-9]{3}-[a-zA-Z,0-9]{2,6}\s[a-zA-Z]{2}\s[a-zA-Z,0-9]{3}$","40","Yes","No"
"bbebf206-9fb1-42fc-816d-80dba660b9d1","AAAA-AA[AAAA with dash] AA","^[a-zA-Z]{1}[0-9]{3}-[a-zA-Z,0-9,-]{2,6}\s[a-zA-Z,0-9]{2}$","40","Yes","No"
"100f7161-eae1-41d8-9970-bd54537f2e97","AAAA-NNN[-|\s]AA[A] NNNNN","^[a-zA-Z]{1}[0-9]{3}-[0-9]{3}[-,\s]{1}[a-zA-Z,0-9]{2,3}\s[0-9]{5}$","40","Yes","No"
"c7d17780-d695-4a07-9dc9-169d75615d1b","AAAA-NNN-SLKR-NNN","^[a-zA-Z]{1}[0-9]{3}-[0-9]{3}-SLKR-[0-9]{3}$","40","Yes","No"
"fc1cc4a0-cf8e-4720-8ced-166c5be09743","AAAA-AA{max 16} AAA[AAA]","^[a-zA-Z]{1}[0-9]{3}-[a-zA-Z,0-9]{2,16}\s[a-zA-Z,0-9]{3,6}$","40","Yes","No"
"2470b68c-b2f5-4708-8d78-1626ac71704b","D014-AA[A] NS NNNAANN","^D014-[a-zA-Z,0-9]{2,3}\sNS\s[0-9]{3}[a-zA-Z,0-9]{2}[0-9]{2}$","40","Yes","No"
"46fafd34-7c7a-4800-badc-b42bcc662bbb","D014-A{2,3} MS AA","^D014-[a-zA-Z]{2,3}\s[a-zA-Z]{2}\s[a-zA-Z,0-9]{2}$","40","Yes","No"
"843a4ef2-a763-44e4-b344-53eb8aeaf09d","D014-PIP-NNN-AAAA[AAAAAA]-A{3,22}","^D014-PIP-[0-9]{3}-[a-zA-Z,0-9]{4,10}-[a-zA-Z,0-9]{3,22}$","40","Yes","No"
"61d908d8-7cbe-4d49-a672-057d75220222","D014-NNN[NN] OSI NN","^D014-[0-9]{3,5}\sOSI\s[0-9]{2}$","40","Yes","No"
"8c943fe2-ffb8-4261-9b11-649015085244","D014-VL-NNNNN[ A]","^D014-VL-[0-9]{5}(?:\s[a-zA-Z,0-9]{1})?$","40","Yes","No"
"49235c24-7cdd-4627-8514-0730479f5cb0","D014-A[AA] SU NNNNN[ A]","^D014-[a-zA-Z,0-9]{1,3}\sSU\s[0-9]{5}(?:\s[a-zA-Z,0-9]{1})?$","40","Yes","No"
"84ae516a-47b0-4684-a8f0-1e239cdcc58a","D015-NNN*KKS","^D015-[0-9]{3}[-]{1}.*KKS$","40","Yes","No"
"8b270f9d-b1af-4ed7-b171-5214ad4312d3","D015-AAAAAA NS N[N]NAA[A]","^D015-[a-zA-Z,0-9]{6}\sNS\s[0-9]{2,3}[a-zA-Z,0-9]{2,3}$","40","Yes","No"
"60fd8c4d-22e8-4b3f-8709-fa67ef82aabb","D015-NNN-NN MS AA","^D015-[0-9]{3}-[0-9]{2}\s[a-zA-Z]{2}\s[a-zA-Z,0-9]{2}$","40","Yes","No"
"84a4e477-5bd1-48d8-a723-609709702ad8","D015-NNN[A]-PRKR-AA-A[AAAA]","^D015-[0-9]{3}[a-zA-Z,0-9]{0,1}-PRKR-[a-zA-Z,0-9]{2}-[a-zA-Z,0-9]{1,4}$","40","Yes","No"
"cebfa596-7678-4cab-beb7-90101eb8db91","D015-NNN-PRKR TA-NNN NNN","^D015-[0-9]{3}-PRKR\sTA-[0-9]{3}\s[0-9]{3}$","40","Yes","No"
"55f4b515-3957-4fc1-a13f-b585754d4e33","D015-NNN[A]-VL-NNNNN[-A]","^D015-[0-9]{3}[a-zA-Z,0-9]{0,1}-VL-[0-9]{3}(?:-[a-zA-Z,0-9]{1})?$","40","Yes","No"
"d8446369-b149-4239-8efe-acc510e2a4f4","D015-NNN-SU-NNNNN[-A]","^D015-[0-9]{3}-SU-[0-9]{5}(?:-[a-zA-Z,0-9]{1})?$","40","Yes","No"
"aca82c9e-82f9-4d11-abbb-430d114faabb","D015-NNN-(FR|SPILL|EZUG)-NNNNN","^D015-[0-9]{3}-(FR|SPILL|EZUG)-[0-9]{5}$","40","Yes","No"
"f11c9d45-9bca-4f3f-b13c-07512696fad9","D014-E-NNNNN(\s|-)A\sLFT","^D014-E-[0-9]{5}(\s|-)[a-zA-Z,0-9]{1}\sLFT$","42","Yes","No"
"f367c45c-53a1-4eaf-a8c7-00c5bb34d131","D014-M-NNNNN","^D014-M-[0-9]{5}$","42","Yes","No"
"00de80d3-68a2-42bf-9d33-c7d1e731fb5e","D014-(T|V)-NNNNN","^D014-(T|V)-[0-9]{5}$","42","Yes","No"
"9ea3e2e9-9a77-450a-ac51-5c5d070d8ea0","D015-NNN-(CM|DW|DU|DV|UV|RW)-NNNNN[-A]-A","^D015-[0-9]{3}-(CM|DW|DU|DV|UV|RW)-[0-9]{5}(?:-[a-zA-Z,0-9]{1})?-[a-zA-Z,0-9]{1}$","42","Yes","No"
"6e483692-9baa-4ee5-aa3f-792d81481f12","D015-NNN-(TK|UR|UM)-NNNNN[-A]","^D015-[0-9]{3}-(TK|UR)-[0-9]{5}(?:-[a-zA-Z,0-9]{1})?$","42","Yes","No"
"cb8ec5af-ef23-428c-b0eb-66a5f2edd3f1","D014-K-NNNNN[-A]","^D014-K-[0-9]{5}(?:\s[a-zA-Z,0-9]{1})?$","43","Yes","No"
"27c14ac1-387e-4df5-aade-b698eb641c87","D014-RLT NN NNNNN","^D014-RLT\s[0-9]{2}\s [0-9]{5}$","43","Yes","No"
"8a44c505-a271-4c0a-aa9b-c6f5cfc93da2","D014-C-NNNNN","^D014-C-[0-9]{5}$","43","Yes","No"
"9c4f0db4-0592-4884-b160-a30ae33a1b97","D014-J-NNNNN[ A]","^D014-J-[0-9]{5}(?:\s[a-zA-Z,0-9]{1})?$","43","Yes","No"
"642cfe7f-994e-4748-836b-039f142fd189","D014-S-NNNNN","^D014-S-[0-9]{5}$","43","Yes","No"
"e526393e-933a-46ad-b320-8ca1797667cd","D014-F-NNNNN[ A{1,20}]","^D014-F-[0-9]{5}(?:\s[a-zA-Z,0-9]{1,20})?$","43","Yes","No"
"70ec8d6f-719d-422c-a990-166fe62708c5","D014-(Z|ZK)-NNNNN[ AA]","^D014-(Z|ZK)-[0-9]{5}(?:\s[a-zA-Z,0-9]{2})?$","43","Yes","No"
"9279e1fa-b2bb-494e-b821-83b3e8f3b4a5","D014-A-NNNNN[ A]","^D014-A-[0-9]{5}(?:\s[a-zA-Z,0-9]{1})?$","43","Yes","No"
"fa26b0ec-b9b3-4f96-aeda-1aed0b753c60","D015-NNN-RA-NNNNN[-A]","^D015-[0-9]{3}-RA-[0-9]{5}(?:\s[a-zA-Z,0-9]{1})?$","43","Yes","No"
"723d4586-e039-40b9-8497-2862f65f5ea5","D014-NNN\sA\sNNNN[\sNN]\sTSO","^D014-[0-9]{3}\s[a-zA-Z]{1}\s[0-9]{4}\s(?:[0-9]{2}\s)?TSO$","43","Yes","No"
"56b8e8d6-660e-4760-b568-e5c3ffcdd67a","D014-(R|V)-NNNNN","^D014-(R|V)-[0-9]{5}$","43","Yes","No"
"22900715-a93b-40c8-bdf0-a975992ddcc5","D015-NNN-AV-NNNNN[-A]","^D015-[0-9]{3}-[a-zA-Z]{1}V-[0-9]{5}(?:\s[a-zA-Z,0-9]{1})?$","43","Yes","No"
"9554f4fb-8bf8-460f-be95-62e1adfe6869","D015-NNN-AK-NNNNN","^D015-[0-9]{3}-[a-zA-Z]{1}K-[0-9]{5}$","43","Yes","No"
"3bcd6341-5a1a-4144-a211-d048113417e3","D015-NNN\sA\sNNNNN[\sA]\sCV","^D015-[0-9]{3}\s[a-zA-Z]{1}\s[0-9]{5}(?:\s[a-zA-Z]{1})?\sCV$","43","Yes","No"
"8a0f5465-35a2-4616-9f9f-dfe2ba394d20","D015-NNN-(H|F|R|C|D)F-NNNNN","^D015-[0-9]{3}-(H|F|R|C|F)F-[0-9]{5}$","43","Yes","No"
"1a1600a9-a3c0-4f53-982a-5d6a7705b440","D015-NNN-UJ-NNNNN[-A]","^D015-[0-9]{3}-UJ-[0-9]{5}(?:-[a-zA-Z,0-9]{1})?$","43","Yes","No"
"9e08e45b-57b5-4090-be70-c2ea7ee5469a","D015-NNN-(RD|HD|UD|DD|RL)-NNNNN","^D015-[0-9]{3}-(RD|HD|UD|DD|HD)-[0-9]{5}$","43","Yes","No"
"a1de6bac-b7f1-413a-b6e5-24743187f4b6","D015-NNN-(DX|HJ)-NNNNN[-A]","^D015-[0-9]{3}-(DX|HJ)-[0-9]{5}(?:-[a-zA-Z,0-9]{1})?$","43","Yes","No"
"00dfb33e-2823-4ab0-aea5-8ccc43cb6fc1","D015-NNN (G|H|X|S) NNNNN[ AA]","^D015-[0-9]{3}\s(G|H|X|S)\s[0-9]{5}(?:\s[a-zA-Z,0-9]{1,2})?$","43","Yes","No"
"43eb467b-6972-4da9-9244-219a15ca7ecc","D014-A[AA]-NNNNN[ A]","^D014-[a-zA-Z]{1,3}-[0-9]{5}(?:\s[0-9]{1})?$","44","Yes","No"
"6c6a0ffc-6251-4aa0-841b-cf7384934788","D014-N[NN] NRV[ NN]","^D014-[0-9]{1,3}\sNRV(?:\s[0-9]{1,2})?$","44","Yes","No"
"b9be5121-2d1b-4124-bae1-e3746c01ac30","D014-DEURDE-AA[AAAAAA]","^D014-DEURDE-[a-zA-Z,0-9]{2,8}$","58","Yes","No"
"14c5c2be-e4b7-4130-ac39-ab6052c0adbd","D015-DEURDE-AA[AAAAAA]","^D015-DEURDE-[a-zA-Z,0-9]{2,8}$","58","Yes","No"
"0c76213e-2be0-4af7-84de-68ad14ad6326","AAAA-AA[AAAA]BM","^[a-zA-Z]{1}[0-9]{3}-[a-zA-Z,0-9]{2,6}BM$","59","Yes","No"
"987db038-485c-429e-8c6a-7cbb37c27702","D015-NNNA","^D015-[0-9]{3}[a-zA-Z,0-9]{1}$","65","Yes","No"
"958c2916-c2d1-498b-b100-bf4c7e99dc73","D015-NNN-NN","^D015-[0-9]{3}-[0-9]{2}$","65","Yes","No"
"7e0f76dc-9e64-4737-adab-e7af16a69d2a","D015-NNN","^D015-[0-9]{3}$","65","Yes","No"
"61917681-5234-4f3a-81d6-4144e32ccff5","D015-NNNAN","^D015-[0-9]{3}[a-zA-Z]{1}[0-9]{1}$","65","Yes","No"
"8df51036-ee4a-44b5-830d-520f2db554cf","D015-NNN-VAWS","^D015-[0-9]{3}-VAWS$","65","Yes","No"
"9a9f05ad-4b5d-48ff-a74e-69694608a896","D014-AA[A]","^D014-[a-zA-Z,0-9]{2,3}$","66","Yes","No"
"77e8f000-322a-493b-b567-d6ecec28a8f1","AAAA-TE-E[A]","^[a-zA-Z]{1}[0-9]{3}-TE-E[a-z,A-Z,0-9]{0,1}$","78","Yes","No"
"2b7fd70a-2c2f-45f0-89ab-db6088302cf8","AAAA-DEURDE","^[a-zA-Z]{1}[0-9]{3}-DEURDE$","79","Yes","No"
"d07ac4a6-dad0-47da-a209-8dd0fec96033","AAAA-AAA[ ][NN]","^[a-zA-Z]{1}[0-9]{3}-[a-zA-Z]{3}[/s]{0,1}[0-9]{0,2}$","80","Yes","No"
"1755f9c4-c698-4bb4-9865-41eea018cd6b","AAAA-TS[A]","^[a-zA-Z]{1}[0-9]{3}-TS[a-zA-Z]{0,1}$","83","Yes","No"
"3d54a52f-5593-4514-98e8-25add76d872e","AAAA-AA[A-]{12}","^[a-zA-Z]{1}[0-9]{3}-[a-z,A-Z,0-9,-]{2,18}$","84","Yes","No"
"666d6ffa-fb51-4e26-bbe2-31328c707686","AAAA","^[a-zA-Z]{1}[0-9]{3}$","100","Yes","No"
"806aca34-24e0-48e4-9d79-f497eddccce0","AAAA-NNN-HYD-NNNNNN","^[a-zA-Z]{1}[0-9]{3}-[0-9]{3}-HYD-[0-9]{5}$","101","Yes","No"
"c7bc8a89-ac90-43f9-9da0-fc7930c2960e","D014-NNN\sMOVK\sNNNN\sA","^D014-[0-9]{3}\sMOVK\s[0-9]{4}(?:\s[a-zA-Z]{1})?(?:\s[a-zA-Z]{1}[0-9]{1})?(?:-[a-zA-Z]{1})?$","102","Yes","No"
"21abc989-4a5b-406c-89c7-9c85fde5b2d6","AAAA-A[AAAAAAAAAAAAAAAAA]","^[a-zA-Z]{1}[0-9]{3}[-]{1}[a-zA-Z,0-9]{1,18}$","104","Yes","No"
